id,subject_name,tutor
100,aVQzzGkU,mlfEqT
101,SYllfwg,xSX
102,NYet,LMNrZD JD
103,xWMcLEayu,OpnU
104,kXittGwrT,Ldnb
105,MLzFsCzTh,LwF
106,kRGqi,cTceGdPQsF
107,EFhoKjqUzZ,eLYMircYc
108,nmnP,ScOsyUw
109,SHue,WgiTSjZnv
110,ix,mHpbscDEAl
111,gVoU,xADF
112,ReX HAkE,mCPSBQyEH
113,KciMxbb,JOdZHk
114,AOxO,LMM
115,RONKAiw,orXPqtu
116,nCWiYV,jC
117,hqm,QVgwFmlOz
118,CQKYDGIx,pxMSE
119,KhN,Ynt
120,sIyGaawJvt,HboPaxE
121,ouMyht,VIf
122,upNLhbHV,lgw
123,EWuczG,ZAB
124,hXQxmjmvja,en
125,UxOHr,FNMiL
126,Ii,IWwMJmLPyF
127,JeUhus,TokwxQkSjo
128,qLvoERPW,ZEAJAxC
129,tu,BkE S
130,OPW u,ToUVEVV
131,VB ZfP,tPKSdUPHlf
132,XvHtgkhEzo,vb
133,qAdnFjF,iBBF
134,RAH,jkvP
135,FCvttevSxT,oxx
136,QkU,CK
137,DzZmbW,RVEbrEXxHH
138,mxgjbkbdey,nnT
139,pPgr,qtNs
140,KvnNmxKHA,GSQJatm
141,zMbLa,Ujj NK
142,Naqrqoxl,ZDlnmRmL
143,LQlq,wWtBN
144,gUiTmtJS,frjbdfBAu
145,ZGD,gy
146,Aw,Qj
147,VfWcJM,pT
148,BKfNTsuSp,MEIngiD
149,tqdlOg,tD r
150,XN,wOi
151,vwoRLPkx,EfLsmOANx
152,MuGUvotbqa,tnu
153,JeXsDvSUk,SYNIxkxL
154,GaGDfah," RrDP"
155,PIEHxYKSDV,nEBBbtxO
156,yLBmWoeTI,QJEl
157,kxwQw,kFtjpx
158,YkRAd,fuoK
159,OpuMbwYJNG,DYui
160,LpPi,MtgqnI
161,IZE,tRXz
162,"VTJ ",noKx
163,DQGhJ,SmgKK
164,Ea,MBDtTLZOwA
165,wMhxFk,nDkkKzOf
166,HzGAGRlB C,HLu
167,otf,vlcXX
168,Joc,VueZim
169,l xiWSiCZq,rD
170,AhOzXYnJP,aJWjJsuq
171,AkrU,tYGuwuPZn
172,wFbMR,HlXie
173,RFivvnuxao,jUXhUufzu
174,olbUhNSH,UhIKl
175,sHzrsWvXKr,JGZOU
176,sywom,ugvRQVtie
177,XQas,bk
178,RBDk,qaRTrWjLQS
179,BSdAqpmi,Zp
180,TUG,nXJHr
181,q OEw,jjlFYIk Mp
182,DYalOnKRp,e  e
183,bkODQN,meMOKm
184,SYFxYwMw,PbZyppbxn
185,Lbg,aAp
186,nSsywRe,SK
187,OEazvRcXzO,xsu
188,RZAnRfXfq,Ke
189,EJUr,yKP
190,MYzTN,zDJOSQYL
191,PdiyNY,FxG
192,IvNGBATfF,zEe
193,ZYrJPI Uu,WZJyoapB
194,hgTkBhEvn,eDzJAr
195,SOAuHaVwrH,aWMdDgAV
196," ptX",dl CiK
197,qK,PkgG
198,gEt,lf
199,xsbdrKsJZS,agUxqHo
200,HKKpsFhbqi,VGlL
201,tEuCGXHTzV,zvDWoz
202,e hKNAkr,sVYBd
203,plNC VDCN," Jluo"
204,pTCOD,yc
205,IZ,QiDysoDI
206,jDNyEUP,hiJVonpRgW
207,IsBh,tKL
208,AdQBOLr,JRmF
209,mzjRuUOpv," aYrpQFXO"
210,TLYYruUA,KRUhiRJi
211,ElbmtfVPtk,IRglSBrOC
212,lqKJKgI,QkMg osTh
213,PAerKKs,mdDwqQnD
214,lQkE,QFpIh
215,WrRK,AWEyXL
216,hLKbRuvwfc,DCXCSPK
217,bmNbz,WZNdxh Eh
218,WFZdBIe,qtSmvgTR
219," gtv CKBIx",oyi
220,jHqaRdlHCV,OcYnhwvZ
221,MmkZBivp,aPCRbuvp
222,jBZDht,yn
223,mivd,YMPq
224,ZIGi,BBB
225,nLIiX,YDSLAHsz
226,hphqT,raVD
227,yNyEvXjka,QWdJDU
228,xz,cx
229,XHb,gneu
230,Az,QvtnAbB
231,LOBQCv,Kx
232,LSNK,ex
233,QxnKTm,WJqkHfqqpZ
234,EILJfkQW,qK
235,ziFkXUut,oOBhgSYlvG
236,dQBEIvluBd," q"
237,vqATYN,hEIYSZj Wa
238," Stcb",RndrDGP
239,BXam,rVmW
240,hywGN,naxD
241,qMmiiETiE,nejnCQULVt
242," zWS",GyvckDhmK
243,BnNLXNla,UKOm
244,Ik,qD
245,sqclXS,TlMAC
246,km,HJSMdq
247,DS,vKLWGJ
248,rE,LPFaERr
249,FMbOOkZYMR,qXHVOai
250,GS,weQyM
251,BaIF,RiNFM
252,WjNPE,ITa
253,grGEPG,rQWWDJ t
254,fKmsapzsR,mwM
255,DWClKp,RNX
256,ESB,XrazXP
257,zDbNP,rRkCBDr
258,XLHAc,VlH
259,rDQeJC Ds,frpb
260,ubZdcWQ K,bGGpWzQflf
261,ISjn,gcNMcOGoFe
262,l eJPN,aPcDkFuLC
263,Pyeky,UIoWcQy
264,YK zLXTJU,rxM
265,aJDVgt,crlTQdRAIj
266,Xkiyg,kegILr
267,yK,jxXsHSrlWr
268,qdt,gD
269,uB,OtjJIVX
270,pCiSZZZMG,naTL
271,lSkrltA,xlYZ
272,vnGj,XXYCi
273,YPl FJ,YhINhVhdhZ
274,zjGbBqyuk,AWPlUyK
275,qhRa,TG
276,iZNlDUEIHp,xR
277,FtTeFMYlU,ovJ
278,SgRfTTP,YeNfBBkUpx
279,CejUvMyY,LfCnVsge
280,EsOo,iIK
281,Uw,OJpDTvDaw
282,oBCvh,jPmv
283,lGS,NQpXn
284,zPOuOX,ud
285,OcbfePW YL,wEEPYX
286,aduJ,TGHotqRIx
287,DZeg,AAxOqVILer
288,erovWCD,adbMDP
289,Y  ScKlI,DyuYGO
290,Qwio,sxHlJw
291,rJQPzLuUuP,yQoeDK
292,lbSiVpdxCk,VjNsc
293,lhqzLZlPf,YnO
294,jBLgtbdhu,tOP
295,Thudemp,ma
296,yd,KHWO
297,vqZoCIIqW,LRlOubM
298,PeHRj zhw,PlEBLS Av
299,DYeRrbM,PADvTm
300,sPUm,"Fmmh "
301,qpQtNk,xWdplq
302,Unb,ggChISrk
303,u dyHhFK,cLrbkh
304,TXBAJdz,FLVw
305,yVqJzJiYA,KLFDhbjCT
306,ZInyUxiNEA,fyXqJDk
307,zqpPL,zYImVd
308,sZg,RmU
309,MxF,xhbjdS
310,Imgq,BbOT
311,gbdCkbIQl,pMTcs
312,hLUXLF," PvufgLGnD"
313,jOSd amVk,EFHmutoolj
314,GHy,aeZjMnrzHA
315,NiesRPWT,bjRlxJNmK
316,"pjAjU ",pCD
317," xwBe",ThpkhdfQph
318,FSFwaqu,LP
319,JjITrPuiW,lPCYcZ
320,tk,qVIFPWUBf
321,qIoOIV,XfcZmDv
322,hbCuCsH,AbQfmAL
323,HyKH,eSwjCL
324,qOW,"h IiobZWS "
325,kkcp,cxAo
326,bQRKLJpOT,BW
327,LHwWuHr,CQ
328,kSAPLKA,Axv
329,lis,DaTuX
330," Q",MIrE
331,aMCE,Xd
332,bqAOG,KfLWtGHJN
333,LXybVkN,PnxIu
334,NFyegyaVJh,ZWZ
335,dE h XmNt,lKeWgRBd
336,wxC,ELJpanD
337,bF,ZkDGdBI
338,rATAcyFPo,Umn
339,KVXzdlwHS,YxLEmuBN
340,mdjIGkMa,qzn
341,mWZXAj,TMFHCjpN
342,"ICuTZyee ",KpNncoQlHS
343,pHk,HAsiGa
344,Epbd,cSOZxn
345,ZPwRrtk,rxWcjb
346,BSgJCm,AVuovYc
347,ovQe,TcvYv GS
348,Ij Wm,GimI
349,ok,L ide
350,uysSPsDDnQ,QicpDqZ
351,OJbpUzr,ON Vs
352,Fl va," FgjeDKG"
353,PuPQYR,xIwnC
354,XiaG,ejGyTaIf
355,xugkrNnRj,dnn
356,MHQw,rzSWfcrdM
357,lVjWFaUM,"GxuYuyMbT "
358,fO,Q Gz
359,yIIlZmAFz,"wNAnx "
360,pPMe,pAwHGxMPGI
361,GwTAcJc,Vq
362,hu,YxSPafTVjt
363,RPPPN,qXmvEXP
364,cUTuX,tL
365,yXTbEr,gqQVSH
366,vMQKxKS,aoug
367,VVpj,rqnhDKY
368,nfYQcIs,pzPcDm
369,vWFlc,DXjjhaHW
370,wWiKdusCQ,wxYoyGkFEx
371,ncz,PwSNbuN
372,GSZs,ADaXxIQq
373,SJ,lVeHoyxW
374,ZqJ,gQZhLI
375,yP,guKwC WF
376,mPVKm,KNxF
377,yHLu,gLGMmFDOr
378,PQORvedyTp,JWiD
379,fzYMpZAo,"ZqsrZmF "
380,VOAVDKA,PHcSXEdoi
381,yMyzR,SmYJtvl
382,pefWgbITf,"KEA "
383,j Ts,SD
384,TAUIcAjmCR,GfUTBQ
385," VwLaquseg",pHacT
386,xncW,JRcQQTI
387,yD,JDs
388,wGtNzBPAE,yTYvN
389,T CQj,XA
390,IcnFL,ZicTFwVcCj
391,rfcqvcHU,Og
392,uAfqzFrNck,oFYQMZ
393,UkxSBiw,aJHQj
394,sZXdJZMhkV,EZbNZ
395,jgGIZe,wCI
396,TlybJkjtj,RtUOciIGF
397,Bh  HjJs,gcYQP
398,SAwyz,KfarHgFL
399,ejZGQQdv,RzYMKMXAF
400,VnsKIOR Zu,CYVku
401,uP sZCqGj,dkagMIlcE
402,kVmBGuSK,ZUhl XBKW
403,pCAaGVgxmb,IJnxnb
404,JnyqfxYuxF," eKIqGx"
405,Ik,cueM
406,lHgwOCieZ,cyKCKERQ
407,efUw,brn
408,"OLC "," QTFvbfb"
409,DEA,YnJAZZcvG
410,OsiQ,ZpH
411,wcF,VUfoppsIPw
412,NNyrQpGwLI,AEsEqg aA
413,MfTWNC,hplezyzY
414,uOjRo,ELnmkKII
415,Gyfg,CnxEYM
416,OCGZm,zsvsj
417,DHLRHSGe,TfZEQbFH
418,QK kThdixY,tHseLEHbZd
419,NulktCP,IE
420,eYJxwlwf,eC
421,hammJZy,Tq
422,QL,IHnJu
423,ppUOB,FtvgfZqG
424," Fjqkya",oYe
425,oTmL,fzKtWc
426,fEp,QXI j Fsh
427,hdvgg,aZgUV
428,VKBuEcE,Dch
429,OxgXFRU,e aQTMDe
430,DZPuCN,ovBCQC NY
431,jq,eLnHtVV
432,bt,afBvCyc
433,RYvEuw,RxSHH
434,DVPBQn,rSGeKmLD
435,wVEFs,GciZJuwH
436,dRtU," O"
437,Yf,EDoZUgSnS
438,SdYpEu,NfJfjDwoX
439,nDMSkbpUh,tWkkSN
440,SvVxvPKdkX,JKqciPauri
441,LdRMQ,BPH
442,FEUzjS,GdalBTA
443,DVdCgMHv,rvjAO
444,qVz HW Hc,OkLy
445,kz,VcDAJgXkb
446,TWFwoEHZ,fG
447,zFmx,FaBiG
448,RryJk,jXJTfDUrn
449,FqqJamUzRh,Nhcusvmluj
450,SqZb,LFinqvcfDd
451,JFIceo,ud
452,bNFIfQ,Oub
453,BQs,JLjgJ
454,CgUWzGhlUm,iIYxA
455,YxBJSuP,zvoCimbU
456,zCWrTDl,wOeYwdD
457,KkXLFm Up,CPfX
458,lRUb,gjOKV feV
459,rrXQTb,yB
460,qgxgvsQ,sOjpSR a
461,AaVjJD,Ffg qnJfjF
462,eB,NdPlnn
463,iR,quQRF
464,zCTRk,aGcfGuy
465,gRo,JIgjLIfqAI
466,zo,"Ag "
467,CVuwIaIpt,ojjSnI wt
468,bOrnqdmlKe,"HpWWNDCcg "
469,GDN,Gaf
470,"GW ",SnBabk
471,Pns,nwbMOCg
472,DiZmZgQHv,liLYxYUm
473,ZJN,iI
474,qEoT,kLpkUw
475,pi,bN
476,BrKblmHhAY,xdDR
477,HnFGT,rtvfZEQIn
478,tfdZ,XCVjLEPYTc
479,jHFIZy,BeDDC
480,YGpvzVj,oGjlB
481,jtMBudbqy,flcJXUOJ
482,sbhPt,tIlFq
483,QxUXl,HBb
484,WoEntK,wMxFOqq
485,OBq,vM TShd
486,tlRL,ErFOyDABqN
487,lcHf,eHO
488,UM,IvrLFQp
489,CALI,yrBty
490,lqRoIMB,qJEShbppqy
491,cpzzJZz,cccOgIT
492,qCuSXONr,axcCo
493,EJxqO,QxQJlrnUFR
494,TByHfEE,diexTqoEo
495,kNQDdmT,Ip
496,uDO,VoVSuM
497,AIas,yrk
498,qp,VIjQZ
499,tkkJOouiyu,lqt e
500,xLaFT,ZCpBAeoz B
501,GiJS," pEuV"
502,mJ,pZ
503,AR,rkHx
504,BeLJpMJrZ,FZAQLm
505,GAeEcVTzVM,uIodSjMN
506,VGzDaB,izgL
507,dtiHDqiqCS,FOwwLv
508,HFVIat,hFXxE
509,GZ,vtyD
510,oIYEcQoXzf,EEliLSVCpp
511,EtkGT,jIBsDdJe
512,ch,"OPJJzc "
513,s qEc,xhov
514,jGROdoOhs,JuBIOa
515,GzgnJcAlkw,oHift
516,eWDrjytbOe,Wfj
517,gI,LOkAZzjFGW
518,IyI," ETrd"
519,NSrp,Od
520,jWjWHG,JSJk
521,hyedOWw,RegMKnNzu
522,XgYb,ddHeI
523,HLJUQ KjiO,QXX
524,YMoYncN,DLnM gECmC
525,Mv,qZlsc
526,yeRiYeidZF,LMrF MjSeD
527,ycIsFAnP,xUemv YxL
528,iOEXtdfn,IoUAMTONY
529,oiKVFkzHLy,LRSAu
530,JKLbYGpA,GUJ
531,ygOlU,fVaQXHzWao
532,KLASCYH,aXr
533,umBQkuAojX,zkKMEAElmT
534,xwAVlF,rr
535,iaRhO,XkYj
536,yAqKPouMOB," ECdUrl"
537,pPSp,ogpsDoK
538,Ugqa,JeYbJBmKA
539,GxX,iDbDIT
540,lNBVCT,aMTWsgR
541,KNK WRn,"Ecv "
542,fPTkND,GpZmP
543,qDlF,fTFaDfylE
544,uamUa D,O g
545,SrpOwDlTpb,sWrHSoYu
546,"jKOKD ",cofc
547,MaKBQC,CUkvb
548,ccdcxjRWHW,TuypRl
549,xOVE,xGoyT
550,FXmkaDXo,v ruyWNX
551,YBVkikmM,TdsJaAesAB
552,PLTVggRMm,ENNqpC
553,uTfjwEh,"DZQl "
554,WWxHrQ,hrCc
555,boNnPvAW,MhLSsKmZ
556,rVMtE,BmqlMKYm
557,xWdbR,gZZaYHqjSm
558,WaZYPtmD,ZMwAj
559,NxaqkSFl,AbjO
560,"QSHDVrxU ",EQp
561,crmZb,vCzLi
562,yI,RJqm
563,zCS,XTtKuKL
564,BKJK,jxJZOea
565,Ummhfp,Gt
566,ifbSBKZG,wUeLBb
567,ilrcrlcuqf,sqcjO
568,wVXNzh,DO
569,XIRmyEoPuR,bG
570,RG,npzxaoPsB
571,TGHOtOvwIs,Tub i
572,tNkEIR,cqV
573,skXGO,Eyo
574,qqZOrblJvu,JKZkbk
575,IzEsQlDXdd,zhEeW
576,cuuqVdthZp,gxJBbZMhgX
577,KxDZ,"dMSMrzlJ "
578,HBlBykZwqS,NvfzRwI
579,WlDqTa,ezZJ
580,MITZWrJQcy,fkgCi
581,"ywAj ",MWbduH
582,ePuMfBH,iNMQDinh
583,CnwMAtjbUn,kXG
584,"GMSYyeFHB ",ZfGNBj
585,yNwZt,aMnAdc
586,uTGyCK,VgHIatBW
587,Bb,ayMBr
588,dhsiH,ahZnmr
589,nHbjjtXqP,SjPZWJfil
590,mg,MCYHD wuLz
591,pVholU,iFGFpwk
592,rKxQ,KQhaBFc
593,DMTGqinFhe,AQCxqnUC
594,uJNJOaO,ufW
595,LXFQ,iafCFWF
596," hBNyB",IWLdsjrxyq
597,dYo,Nz
598,lgoBhmJ,Fm
599,DpzcvZ,QFPF
600,gyhVGMuJUh,tuKvohM
601,fiLx Bkidc,ylj N
602,jz,ApGxHRXfY
603,cj,tquBieY
604,luWYOiwr,rWQXTGTQQ
605," EZ",hFgPrwYm
606,uvTbIGrqb,"jgK "
607,LPak,RYj
608,GgCvdxnys,bhrzemJrjZ
609,tPUpItgOPW,wcEFTm
610,lC,hw
611,HRMIH,PVhdwGykE
612,KXdGTM," Y O"
613,ajeVDDy,FeF
614,wLLsIbAEm,cAbbd
615,cd,fCIbi
616,ecmBRwF,LQMYxfmkA
617,NEP,tqeE
618,dZO,jNiatgmp
619,rMMntc,PQjfpFrSu
620,DSOGWVM,zeSfIgMu
621,nNhMm,DKnNKfYFa
622,"hD ",wFt
623,OAJBCIc,mhk
624,UAyAUlNv,qI
625,dt,xWGNIKduA
626,fKF,ODQDG
627,dtKZwqRzU,hEf
628,KShjQj,kkUbbbnIS
629,BlvxZo y,HxsqCbZQg
630,MoyEhxUps,TOluQyzsx
631,JwkkGD,zGOsyVzZ
632,RjSWQp,Ej
633," mQ",Rh
634,uJuPd,KQxK
635,"lsrHe ",SMI
636,nAomUksWf,VCrCHv
637,MtqshlgqXq,Yki
638,ZDwaTV,fbQDX
639,xwZ,vUQpwpi
640,qYqLSlc,xANxqf
641,QQhesH,pdLycO
642,MsPjbpvq,pRLCfoZ
643," P",SM
644,peV,mC
645,kWMDAq dC,wsFhq
646,JSG,xQVHUOO
647,YIhurIxujQ,EmyaYvXt
648,GjZPLzAbDG,SZkvo eg
649,gWVwpeqxW,tc
650,iP,vZbtQ
651,wjdEaBCXa,iJC
652,KObSu B,cxUQbKEkI
653,omQaYk,YFVGGqRCD
654,SUOHmrXqN,nPqzkJFM
655,qhORyKl,Mm
656,hDZXSVdg,xGJrR
657,EOc,vbPw
658,LzrX,epFZUzsdy
659,Xfrh," MIFG"
660,rQv,ObWZu
661,iJ,Hs rwTSNM
662,zdSpt,cunx t
663,ADReygpKY,ifzp
664,nmjLC,aqNqSzDsO
665,JuvKvB,MIELqMJQG
666,cOnAEw,VhgQSgZ
667,jXnchRh,Pp
668,bM,iWjxOkw
669,Ab,UBGAPj
670,htUKzrSPO,syX
671,hwZwmIa,UuiYGc
672,RHeqHGuz,Ia
673,GsqxWhhxu,JnvZXYeEJ
674,gYjljOK,kTbuDHJpvS
675,KflpEbIr,OIA vnJC
676,OmTuEPQV,QzufsgcT
677,aAqzoXgQ,NXanT X
678,wbdZ,qj
679,JvtwbxX,gkMqTgvl
680,tmf,YIBFShj
681," oUi",UwHQpYFiWc
682,Jt Lk dVfz,KE
683,gx,ckBCnZ
684,tvDMy,yB
685,Aqp,nKvCF
686,ZsyreiVPNF,FkcwG
687,rKRKFWxZq,cSsyTM
688,wOy Wyx,PWezX
689,kjSI,jFzBzFqndA
690,"hcLKPG ",KezZ w
691,fJLlBo,VEoTm
692,XMeSR,GEbnbuJA
693,FeWrkrDjw,qiBhPVF
694,FIaTI,wrtNco g
695,DjVRU,rmujY
696,yep NPv,GHGlbtFhdw
697,KpxQuKXS,Gpgk
698,ylCn,liAmLa
699,BbXS,GwOgvZutu
700,RmI,LWZEVgRC
701,lIRPvA,iz
702,lgC,fmcxvmzZ
703,TFNQMVX,"JhtYYO "
704,dV,Hz
705,NmFbUpKM,zLqmeQo
706,RJOUST,QWJww
707,RDYdkdgT,WowLmoxaeP
708,CiioZgu,wu
709,FrVIyf,IYPjZ
710,jxNF,Wh
711,"mLX Gx ",wegzGjYTVj
712,DH,oxmx
713,wurVtF,gVqVyr
714,FzMO,hS
715,LSCw,ZZumnA
716,"KMJnew ",gfssnNXkGH
717,sFBw,mhtt
718,HGgPt,Neqx
719,dWmC,bKfxBIVb
720,ePhusXbrg,IROYrfK
721,ef,qtT
722,sfPuMK,AVieIBDlJ
723,sc,TGmL
724,uPGhMxBG,CknATDti
725,NEzmpaBNSw,izp
726,ERkZg,XyDvokNail
727,Awzou,CKY
728,DDcAu,mAD
729,Kk,"XmefuN "
730,InMNwB,AhGXWbY
731,AYhiPzEfwe,ypzGu
732,aVhLetja,fRRrycQIM
733,NinjbyqMrY,JskxMopklK
734,tkEQhl,XpynGGnZ
735,YHzn,fWVeuz
736,mHjvxC,DSszFuZJf
737,IEX,bl LUljY
738,dBJn,CVjo
739," OByiH a",VWeeolXl
740,wT,NvFqjGytL
741,tCJOIrJdgP,lqODizceY
742,DkQJYH,joZTIDodMz
743,EjuEasgHRw,zlu
744,ZRNRNCP,mpbljc
745,EpmFA," qYVzk"
746,NX,HlKCv
747,GuSrq oyBF,KAmQzKIu
748,WiWpVCaQt,zDWRsM
749,oAKlF,tUggahrW
750,bgK,Etjv
751,vuqJ,DCtgYekM
752,XmjoPDC,SfYjaNOKW
753,eBXW,TkVcKpKmaf
754,TipuOY,UapNh B l
755,WibWeGClu,vr
756,FbjAHp,ZbE
757,DuBoUMWO,jmBf
758,UCA,cHqplvr
759,ifu,cbzYC
760,akt,dBw
761,OYDhYx,Fve
762,lFTWyRhWm,SqYzgS
763,mPS,gXctgrFfaW
764,eKoF,bAvrEesvP
765,Hyns y,wKRBvIZla
766,EwRGGcx,KgBxvSQ
767,wZWq,Cw
768,ZLQQtl,VKUEh
769,ZDtJRlrt,UAewdON
770,KcNx,Fq
771," S zaZjI",AuMg
772,Xv,sZ
773,geTnC,iwmN
774,gYkmCgPy,jYgXs
775,RJXjbKK,NUWHTL
776,LtXVyg,cq
777,zWlB,ZzqOQD
778,ToGZdqR,Zwu
779,fTFbPt,pT
780,ZxWdF,hPpWMR
781,rusIbwdZpT,MGUMV
782,ylXmWLqnW,ALSZIn
783,jgDnl,SHrlwbeR
784,CSSDxIR,CJpvpl
785,wSUaLIvBr,GzVPdd F
786,BqmALdyc,hsLN
787,OgGMYbNl,dd
788,yA,cvuUtmBp
789,IFvksHT,FD
790,JHfer,YF
791,fA,NFvLk
792,BLa,xyxIcIWHm
793,neLpHzbamG,cG
794,wsWSjttzQ,cpgarORG
795,efRGnh,SteONb
796,xYdnAKKjN,JGSnt jo
797,"ZLPKJz ",nyHc
798,Nr,MkluRNbdn
799,iAGbWkA,RGPhEQReY
800,LE,TRdzWZr
801,YU,HenzuZf
802,GNUDaqFp,fg
803,AhmOO,durKW
804,QaKY,JQak
805,MDaQuOztQ,ZgV
806,SS,tqWXxFskyP
807,Li,ZeEILZcKEw
808,vdrw,RjIJhI
809,oc,KLW
810,OXoSiWia,LiyacQh
811,M jLHLn,zjAGGOXm
812,SPHsYTs,yxTltEXINe
813,inKGIQaEzD,MYLvrugnKd
814,noObh,AlkVqwd
815,zpCoew,PiKg
816,uJpVuXlF,uNeUWuy
817,rugR,aTnn
818,uHoZ cSVc,ejFmbAzQy
819,JHOaqyY,kh
820,"sgwvJ ",sXrmudvY
821,Mt,mDc
822,Yno,fAhUxMw
823,CAWstqjOd,gW Kd WKL
824,KQFt,CvIZRAdiA
825,FBGIDPNc,IPaaI
826,AZc,gtSVkfQRhj
827,obpVlQpET,iya
828,gwcMQ,xcj
829,uCEgINgYN,jWMzmFfQ
830,OtINDbTyw,AIx
831,GxmMpZ,zjVfhVzx
832,EqhGLyfDY,gicbzNpdAF
833,OcoNka,HJtNZg
834,TyK,Xr
835,"igFOm ",nvnUaQq
836,"  yOX",oSwaIYldJ
837,mE,DlYEuE
838,HlLmq,UQQBxFSwC
839,Gg,eAmAjxoVm
840,WWCgHMPA,OS
841,dJPela,jzYFBoCrgC
842,siUPylGzS,hDHxbjsBV
843,toEoNi,XNO
844,tFHICyY,IHI
845,Hnzy,HJPXXwiBx
846,kWAM,vuIz
847,yZZmnNU,PC
848,Xj,Xj wJ
849,rIh,eAZcQlAA
850,QXi,Tm gKaf
851,cuLpPEvCUJ,EswzySzY
852,Hl,glO
853,edOr,XyKfOcm
854,zTBo,QvFbagQJ
855,qpWzXd,rH
856,PvXtL,pfzTCJKAY
857,aBSv,FqW
858,qAyVlnsPH,Z eRmJ
859,cNjPs G,TgczWYl
860,iS,tMUHLCODw
861,vJEF,gkpri
862,bA Zw,wsKat
863,Nu,nCUlRLGzTk
864,edwMi,kEYoZaOu
865,"CAv ",WWYyP
866,Gwvb,mhOMg
867,zWQN,uAOqJKyLm
868,HFICpLOy,MTzKaYzErj
869,VZT twn,vQDQlveJ
870,BoQ,JRyDYCoy
871,YErcDFCUHi,brprcxMHQS
872,P IXCZLuW,QGekO
873,ybJHJRCEsQ,WeZegJaPb
874,JIqLP,myNgCmI
875,mATu KKH,tKGVRqA
876,BJjmeBmU,pkd
877,GS,rZOtO
878,zvPsMqm,VWoFFdiT
879,an,DdvOTn
880,wmUe,etWZKgF
881,IYGAaiH,Wpdt
882,JmkczQRd,ce
883," ICcL",mD
884,IPrwGEHW,EdGLVBqfaQ
885,wBUmvDSKK,CPJJp
886,aFY,ObvEmIzasd
887,doudsNZ,jgab
888,Ekrk,quSkVEoq
889,TyZlA,BwOg
890,ObnxXeDcC,XudMz
891,Dodc,rPFqx
892,jAZ,CAzmGLxYf
893,RjHNqUO,xA
894,cmUbw Unw,Gc
895,zvqrLG,vkRKqXyX
896,iOCN,aYsNVdWnnW
897,kW,NNAn
898,aZrq,nUubERnFdF
899,WbsU,eGjatB
900,jWg,lPKm
901,HWu,AFTxcojK
902,sBovtU,Fuf
903,kBDVCdlap,LAccHGMzbp
904,MYJAVQrc,LN
905,TKLvRdxXQY,lNW
906,ZfPPFba Ni,Ajncnr
907,BYb,NYP
908,vM,MMk
909,ZKvXcCab,hPAYbFNydL
910,akTxyWdU,GBAo
911,yiDQxB,tEhNQt
912,AOGAdH,tUT
913,ULNQo,Wy
914,TJvvZ,sl
915,WIZtWeYWz,Br
916,GpqWGFrksr,KBdY JQzTA
917,QvNGe,XIYu
918,dNGxLBGCq,cAVJshmaQ
919,mlGJbRpTK,PoMYXz
920,FWJJGyl,seLp
921,YCpWMTujzP,qDxwYALmhp
922,rOAYwVKx,KWeQpH
923,bS,FMpxpESzWt
924,eAZktFg,JODOAeVyDp
925,BRnaMFJtbw,st
926,xRINM,ZxYee
927,jwLT,ZjlFzc i
928,smUAoejFy,inzXLoCkZ
929,jlItnC,qUJC
930,Uwk pc,DhOUm
931,CUxTLcfqw,HtPhYOi
932,pTpwnzaRl,Vy LwRzPd
933,xwjr,dhbdBIDVgW
934,ItdSnEIXZ," vBFeyArx"
935,HghthyAWkI,mskRl
936," H",oCgvPmjlH
937,uBxO,HmaEcqN
938,"uojEhXx ",mEfjc
939,PftUIxZjt,QPWqeVzS
940,zqQOsJT,xOfDvCl
941,VAu,hQDqZfVW
942,hjCNCNl,sK
943,jiSoBP,CagaNggZ
944,ismaXvEwEC,pv eOUVrQX
945,hKdqEM,uCLoA
946,QEz,GUCF xyjQm
947,wkFi,yvSi
948,SsS,jVmC
949,evyHcHIbv,PolAtp
950,uGXdBh,rZlcCVrL
951,AOKCYzmU,HL
952,AlCQtV,Lqarc
953,UrxwMRbDm,"EggBjO "
954,dn jsLAoJ,LbUb
955,yniAcMc,emmM
956,EvrQn,EdvkcSn
957,IlOK,DFQ
958,oLOlCOv,nxXmFlErMy
959,re Xjd,QiY
960,rmpoMz,UyVcmcq
961,uXf,XayDbG
962,bo,sNZXey
963,uTA,dOIzljZ
964,RhJq,zuzLoFqI
965,aOqE,GB
966,wT,YcSei
967,ZtI,Kni
968,twlqW,vIoiwpctCC
969,OJwcfl,ATmlVU
970,cRzx,NRYEFZrq
971,lSdjBjRo,yrMOkXeb
972,JiwFiSgdWd,epUIICxF
973,BuIrZvc,"gpiJN tcp "
974,NH Djkrbqz,CkPl
975,WlygcunKm,Lq
976,RUxzzt,VOolZ
977,ai,FDSD
978,WFVHey,Dz V
979,aeIJ nYq,"WufePB "
980,UJFEPmBk,OVjD
981,rBAWnWSVTT,llXLo ER
982," ngT",zCK
983,jeWzj tx,jyPUt
984,Mp k,hHCIrVvC
985,WLm,sldMgbZGe
986,LP,Xudzmj
987,aVrzBMQ,KG
988,VlmrsScTm,qkjmy
989,qLLc,JtcI
990,qg,JEjCLKrtmP
991,jisheFot,aZ
992,SLoU,qYfQiZKrXF
993,WR,tDFokC
994,STxpSUEQir,ZaCpDawycB
995,cpWpthetem,"fIWgNo "
996,PPaPdxMVIR,sJKcD
997,ZBMGSF,ao
998,iXy,aIC
999,akA,nnea LHD
1000,xd,jtPtlmUzTO
1001,Mqhma,aRYZzyba
1002,Ksxi,fke
1003,bZ tARO,dDbCE
1004,WWxw,aF
1005,xqR l,hc
1006,GYr,NHyOYvY BE
1007,SSyLuBGK,PPyyphrd
1008,zgw,eedsa
1009,gHnvNCLEpC,EHceX aV
1010,jLJoPWdK,Sp
1011,QUNACiNoty,PSTk
1012,LPYEincuo,hg
1013,NxMnCOqU,nGSFJ
1014,YECdzogni,Ah
1015,HPjFRa,iy
1016,RPeritt W,IMmvLPpo
1017,EZNNZfvc,gJRJgakO
1018,km obv,Fi
1019,evav,lAULYTfQn
1020,TbgB,QP
1021,otgMhVL,kEgbn
1022,zfmdbM,FJOMls
1023,tlqM,gJDJauVxFy
1024,IRSOaKpsgR,IFlacob
1025,MDJgHmH,uDk
1026,YpQEX,XUK
1027,nR,RjWO
1028,hig,kus
1029,UKeQIWNdkR,lUTlf
1030,dfpp,OFm
1031,yqlm,lO
1032,COTrUbrJCk,YUaIEjC
1033,sy,fTgLnoTYBU
1034,FIhi,QTLOOjMz
1035,rqlbOiX,KrSCkiYfd
1036,ZaVCRyP Aw,elHHGlNXH
1037,DAXDH,"zlel "
1038,bCKipIxre,TcazTqfLZl
1039,DY,uDOJbG
1040,x y uvh,CzYEloHtoU
1041,P A,Mds
1042,DR,DAniOROOl
1043,YiupGWl g,LLanwnhaX
1044,QrNOOtbDv," AmrSS"
1045,HGStg,JVlDyefZTZ
1046,oTuJlIKCP,WAoGNNIQu
1047," rnK"," tSuGYMZIV"
1048,GAzxJjek,GBDJJiUg
1049,IvbqUMdc,pUATmp
1050,IOlzV,MQ DHaLYf
1051,yNahVJgntn,GHJmx
1052,TDNeWvXtzA,NENQ
1053,FjOsT,ZcZ
1054,ZfQYmKG p,nFbLJr
1055,dL,Zss
1056," eip",KdrgEirQ
1057,JtMfSYnHm,rNGpWi
1058,VIY,jtNbMoFd
1059,pAvDktOX,AycQ
1060,JPIwczBRNj,hNNFdU uP
1061,"xsb ",baR
1062,OfQGOFhVe,JQGLem
1063,hbjLxnD,puzs
1064,fxJrBWWg,YDuJewG
1065,JHVoXbon,BUbAGHf
1066,GnemMO,YDp
1067,lcqyygEJ,Oqdm
1068,WRBBQSwWV,iqdt GI
1069,XigaJ,XZuFXAnq
1070,BaZDLHsV,XjHJPeN
1071,Hws,TSGFgDce
1072,eMiOXctC,hQRg
1073,aynfc,YC
1074,zjMXCgOXB,PeryhX
1075,zDmaAB,mdU ImzgMm
1076,wmgoFsBog,vQY
1077,mb,vkY
1078,cSwm,WkSxUPD
1079,LiY E,noINby
1080,ivFEPzfNEq,YMeOFB
1081,wfLrSJW,ZilKBwYmIW
1082,MwxSc,pfptCXNt
1083,efENkt,VoYsa
1084,yFHNjQhZ,yusvJz
1085,wIH egNGN,uMh
1086,WffspqAE,FgwLdT
1087,Eqp,I mwI
1088,SqpNOBGIL,Uo En
1089,axHnbNN,ANsypf
1090,rjCaTm,GzHQQC
1091,QmdFqZNTZM,k Dt
1092,NiClVpr,uQ
1093,QbDKdB HKu,wcOfNgeqfT
1094,sNGmvAtvk,ijFfpLzj
1095,vhXjuBzB,FmE
1096,CcwE,uSqyEMGVs
1097,FiOuWBqUB,BRAOmvzrhK
1098,kkya,Rzm
1099,s YZv,CTmFSGwIKA